title,company,url
Python/R Programmer - Entry/Junior,SynergisticIT,https://jooble.org/jdp/-8466387125379338360
Junior Python Developer,SynergisticIT,https://jooble.org/jdp/1377897510482597371
Junior Python Developer,SynergisticIT,https://jooble.org/jdp/-5882314297015277428
Junior User Experience Researcher,BayOne Solutions,https://jooble.org/jdp/2716938380490604861
Junior DevOps Engineer,Alignity Solutions,https://jooble.org/jdp/-6754488434571490525
Junior Data Analyst,Insight Global,https://jooble.org/jdp/2358487548996676577
Junior Software Engineer,Flare Energy Services,https://jooble.org/jdp/-4463379727484967620
Junior Python Developer,"RIT Solutions, Inc.",https://jooble.org/jdp/2925762193346101465
Junior Data Scientist,Bexorg,https://jooble.org/jdp/9199396132878071544
Python + PySpark - Junior Developer,Compunnel,https://jooble.org/jdp/6006068926500588511
Junior Data Scientist,Careers At Ves,https://jooble.org/jdp/2949217417396889375
Junior Python Programmer (Remote),SynergisticIT,https://jooble.org/jdp/-3064986650136341987
Junior System Analyst,Brooksource,https://jooble.org/jdp/5923649107880231262
Junior Python Developer - Entry Level,SynergisticIT,https://jooble.org/jdp/-3067470922428197133
Junior Python Developer,SynergisticIT,https://jooble.org/jdp/-8682787468648801337
Junior Python Developer,SynergisticIT,https://jooble.org/jdp/9055169796314421051
Junior Data Scientist,Peerlogic,https://jooble.org/jdp/-8293789951644443043
Junior Full Stack Engineer - AI Focus (Backend + AI Applications),Dorahacks,https://jooble.org/jdp/5221769018556570994
Junior Python Developer,SynergisticIT,https://jooble.org/jdp/-920896666159438016
Junior Data Analyst,Data-insight-partners-llc,https://jooble.org/jdp/3116461061502502563
Junior Python Developer,SynergisticIT,https://jooble.org/jdp/6033345201050212285
Junior Data Analyst,Barbaricum,https://jooble.org/jdp/4129760714006356782
Junior Data Scientist,Redhorse Corporation,https://jooble.org/jdp/-6048585697860737184
Junior Python Developer,Jobright.ai,https://jooble.org/jdp/-7854539374734449883
Junior Python Programmer/Analyst,SynergisticIT,https://jooble.org/jdp/-3393061858343547056
Entry/Junior Python Programmer,SynergisticIT,https://jooble.org/jdp/-6191536579307877824
Junior Data Scientist,Synmax,https://jooble.org/jdp/-5837900501796103536
Entry/Junior Level Data Scientist/Python Programmer (Remote),SynergisticIT,https://jooble.org/jdp/-4740112445695492533
Junior Data Engineer,Teza Technologies,https://jooble.org/jdp/-6041852781164785706
Junior Python Programmer,SynergisticIT,https://jooble.org/jdp/-8003818993845463120
Junior Python Developer,Accenture,https://www.adzuna.com/land/ad/5196454467?se=JpXilHJ88BG_0uNNugg8zw&utm_medium=api&utm_source=9f3dc718&v=0262C9C2ED3571FF1DC1A087D79BF26A5E84548B
Junior Python Developer,Patterned Learning AI,https://www.adzuna.com/details/4814562840?utm_medium=api&utm_source=9f3dc718
Junior Python Developer,Jobright.ai,https://www.adzuna.com/details/5338345942?utm_medium=api&utm_source=9f3dc718
Junior Python Engineer,Prospect Capital,https://www.adzuna.com/details/5327281560?utm_medium=api&utm_source=9f3dc718
Junior Python Developer,Accenture Federal Services,https://www.adzuna.com/details/5198206448?utm_medium=api&utm_source=9f3dc718
Junior Python Developer Intern,Apprenticely,https://www.adzuna.com/details/5335404084?utm_medium=api&utm_source=9f3dc718
Junior Python Automation Engineer,Jobright.ai,https://www.adzuna.com/details/5329712895?utm_medium=api&utm_source=9f3dc718
"Junior Python, AI Developer",Jobright.ai,https://www.adzuna.com/details/5347796369?utm_medium=api&utm_source=9f3dc718
Junior Python Engineer - Healthcare AI,Statcare Urgent &Walk-In,https://www.adzuna.com/details/5067695987?utm_medium=api&utm_source=9f3dc718
"Junior Python Developer (USA), TSCM-40901",Eleks,https://www.adzuna.com/details/5263777250?utm_medium=api&utm_source=9f3dc718
"Junior Client Python Developer (BQuant), Enterprise Sales - Financial Solutions",Bloomberg,https://www.adzuna.com/land/ad/5327219561?se=JpXilHJ88BG_0uNNugg8zw&utm_medium=api&utm_source=9f3dc718&v=E643F0FDACA115164201B97648F83E57F386F3BB
Junior Software Engineer (Python),Synergy ECP,https://www.adzuna.com/land/ad/4805324607?se=JpXilHJ88BG_0uNNugg8zw&utm_medium=api&utm_source=9f3dc718&v=988316BD68A01E4AB9A14D49E1631E0E6BB42858
"Junior Mainframes, Python Test Analyst - Telecom Domain",Jobright.ai,https://www.adzuna.com/details/5338345480?utm_medium=api&utm_source=9f3dc718
Cleared Junior Software Developer - Python/Java,Peraton,https://www.adzuna.com/details/5326686665?utm_medium=api&utm_source=9f3dc718
"Junior Software Engineer, Python (Leawood, KS & Arlington, VA)",Torch.AI,https://www.adzuna.com/details/5259964574?utm_medium=api&utm_source=9f3dc718
Junior Automation Engineer - UI Path/Python Preferred,FIS Capital Markets,https://www.adzuna.com/details/5356136375?utm_medium=api&utm_source=9f3dc718
Senior / Principal Python Engineer,SciTec,https://www.adzuna.com/details/5101821029?utm_medium=api&utm_source=9f3dc718
Jr. Software Engineer Must be local to Washington DC with TS Clearance,Select Search Associates,https://www.adzuna.com/land/ad/5312563854?se=JpXilHJ88BG_0uNNugg8zw&utm_medium=api&utm_source=9f3dc718&v=FC7BDEA3AF47AE7252266F8CB9A57C5301001795
Senior Data Scientist,"Raymond James Financial, Inc.",https://www.adzuna.com/land/ad/5355511103?se=JpXilHJ88BG_0uNNugg8zw&utm_medium=api&utm_source=9f3dc718&v=1C7D475F941FAC2BE538901A0B139ABFD2CD0AAD
Software Integration Engineer,Horizontal Wireline Services Llc,https://www.adzuna.com/details/5333287233?utm_medium=api&utm_source=9f3dc718
