title,company_name
Backend Python Developer,Cliently
Java AWS Developer with Python,TCG Digital
Python Fullstack Training,Agap Technologies
Python Fullstack Training,Kanshe Infotech
"Entry-Level Software Developer (In-Office Irving, Texas)",Avior
Data Scientist with expertise in DOMO and Python,"The Preferred Prepaid dba XYZies, Inc."
Senior Software Engineer (Python) - Contract,Emergent Software
Dremio Data Engineer,OpTech LLC
Software Engineer,NetApp
R Programmer,Atlas
Python Developer,"CGI Group, Inc."
Cleared Junior Software Developer - Python/Java,Peraton
Junior Data Analyst,Electronic Merchant Systems
Software Engineer - Vue/Nuxt,Midlands Testing Services Inc.
C# Software Developer,"StarsHR, Inc."
